{"version":1,"metadata_config":{},"items":[{"id":"be2ab4e7-29aa-475c-99e4-dac8dcdf9a95","metadata":{"hash":7818758781015180,"text":"The concept presented here offers an incredible opportunity for limitless control over one’s reality by granting them immense powers that can alter anything they desire without limitations except their own imagination.","index":0},"vector":[-0.21009661257266998,0.9438302516937256,0.18776804208755493,0.45948249101638794,0.710025429725647,-0.5504291653633118,0.5148305892944336,0.3182084262371063,-0.34198421239852905,-0.2943542003631592,-0.254521906375885,0.564773678779602,-0.24760673940181732,0.593192994594574,0.3862214684486389,0.987076997756958,-0.06783775985240936,-0.27876049280166626,-0.261172890663147,-0.3905916213989258,-0.5378091931343079,-0.2898496091365814,0.09734974801540375,0.14454780519008636,-0.7568343281745911,0.5939275026321411,0.3047198951244354,0.02431335113942623,-0.29107236862182617,-0.6228389739990234,-0.08862287551164627,0.331794410943985,-1.0067442655563354,-0.6267107129096985,0.1524370312690735,-0.7391826510429382,-0.453570157289505,-0.3507290780544281,-0.47965049743652344,0.32828661799430847,-0.1668464094400406,0.5548139810562134,-0.10124456882476807,0.3061298131942749,-0.9114246964454651,-0.43513068556785583,-0.8533684611320496,0.39561980962753296,-0.5112260580062866,-0.6565077900886536,1.2691174745559692,1.0020694732666016,0.46517565846443176,-0.45102202892303467,-0.37603870034217834,-0.07938268035650253,-0.40716394782066345,-0.49157750606536865,0.005619999952614307,-0.8650453090667725,0.6160688996315002,-0.2916871905326843,0.4264879524707794,-0.09651824086904526,0.16700203716754913,-0.30977365374565125,1.140169620513916,-0.35151180624961853,-0.09570745378732681,-0.6157074570655823,-0.8569921851158142,-0.36669155955314636,-0.8200898170471191,-0.15339279174804688,-0.34145286679267883,-1.2049490213394165,0.3066893517971039,-0.12174519151449203,0.2466956377029419,0.6583375334739685,-0.5980889797210693,-0.1166488528251648,1.1571787595748901,0.30097946524620056,-0.19559161365032196,-0.35470789670944214,0.32411107420921326,0.29343757033348083,0.5933602452278137,0.4162178039550781,-0.29604658484458923,0.21048080921173096,1.0600467920303345,0.6461060047149658,0.40396416187286377,-0.40781545639038086,0.6125665307044983,-0.23815597593784332,0.39999401569366455,-0.13012760877609253,-0.3683053255081177,-0.17748139798641205,-0.7205202579498291,-0.45188242197036743,-1.0279089212417603,-0.5032656192779541,0.7187432050704956,-0.9986109733581543,-0.2813788056373596,0.6655867099761963,-0.5984211564064026,0.09407112002372742,-0.05680777132511139,0.06045164912939072,-0.9257645010948181,0.37655308842658997,0.00039883313002064824,0.603809654712677,0.15090204775333405,0.17425525188446045,0.5588380694389343,0.47356218099594116,0.4385296106338501,2.247413396835327,-0.23789337277412415,0.00811631791293621,0.7223294973373413,0.013216182589530945,-0.6671586632728577,-0.6092076897621155,0.4678798317909241,1.0807644128799438,-0.7398333549499512,0.3463134169578552,0.32877427339553833,0.33144229650497437,-0.5601259469985962,-0.28807419538497925,0.01158235501497984,-0.30664271116256714,0.496084600687027,-0.19315795600414276,0.3518914580345154,-1.2257623672485352,0.7652166485786438,-0.10282532870769501,0.2862197160720825,0.9998661875724792,0.3269546627998352,0.22756840288639069,0.23064647614955902,0.8419816493988037,0.3420850336551666,-0.5981468558311462,0.15955059230327606,1.194343090057373,0.38441595435142517,-0.29440680146217346,-0.7931522130966187,0.13356804847717285,0.3099571168422699,-0.7892879843711853,0.24602845311164856,0.4142284393310547,-0.48070311546325684,-0.0675799548625946,0.05153873562812805,0.25331544876098633,-0.6857134103775024,0.14114634692668915,-0.13262471556663513,0.027215229347348213,-0.6075781583786011,-0.520512044429779,-0.08328935503959656,-0.3500574231147766,0.257220596075058,0.3842560648918152,-0.4002998173236847,-0.20769381523132324,-2.471259832382202,0.6145719289779663,0.39362359046936035,0.7951681017875671,-0.013220852240920067,0.17201946675777435,0.2590506076812744,0.24714289605617523,-0.6574867963790894,-0.44440314173698425,-0.22988580167293549,-0.506446361541748,0.2427469938993454,0.579913854598999,0.36624518036842346,0.2755676805973053,-0.6569702625274658,0.2708384096622467,-0.37132546305656433,1.3177672624588013,1.0209330320358276,-0.0031906270887702703,0.43018174171447754,-1.2739266157150269,-0.6205610632896423,0.07707834243774414,-0.15658460557460785,-0.5131407976150513,0.43364283442497253,1.3033798933029175,-0.2647075951099396,-0.2644021809101105,0.16704726219177246,0.05061701312661171,-0.6647427678108215,-0.5766614675521851,0.37454691529273987,-0.3402966856956482,-0.27217093110084534,-0.44392073154449463,0.387533962726593,-0.3033745586872101,-0.12770482897758484,0.36835217475891113,-0.2570613622665405,-0.3974343538284302,0.7691243886947632,0.07661687582731247,0.4245581328868866,0.1930355280637741,0.7647852897644043,0.5139403343200684,-0.020423613488674164,-0.7373471856117249,-0.34402909874916077,-0.10532974451780319,-0.04053572565317154,-0.12102667987346649,0.6086556315422058,-0.5091740489006042,0.3413255214691162,0.7464391589164734,-0.30226922035217285,0.28464052081108093,-0.6550456285476685,-0.3213653564453125,0.7486230134963989,-0.3645339608192444,0.4878355860710144,-0.5408215522766113,-1.16852605342865,-0.5932203531265259,-0.3825191855430603,-0.5229665637016296,1.312496542930603,0.15121911466121674,0.11758929491043091,0.5237348675727844,0.8990234136581421,0.19461895525455475,-0.30022063851356506,0.8383710980415344,0.4824894070625305,-0.3355279266834259,-1.0278574228286743,-1.1088275909423828,-0.38310226798057556,-0.47458213567733765,1.0048983097076416,-0.09097030758857727,0.8397015929222107,-0.044069357216358185,0.17151348292827606,0.6019613742828369,-0.2856474816799164,-0.5838890671730042,0.11457967758178711,0.9649943113327026,-0.7134268879890442,0.4420630931854248,0.6407515406608582,0.48064902424812317,0.38897785544395447,0.5414282083511353,0.4019971191883087,0.07450079917907715,0.5099268555641174,-0.29253819584846497,-0.23323261737823486,-0.17266643047332764,0.08099040389060974,0.8906596899032593,-0.916667103767395,-0.4061335027217865,0.09827601164579391,0.024948997423052788,0.5862142443656921,0.06837756931781769,0.08863046765327454,0.22320112586021423,0.15076668560504913,0.04171593487262726,-0.14739714562892914,0.002821632893756032,-0.7779489159584045,-0.07474073022603989,0.19414258003234863,-0.3652854263782501,0.31714940071105957,1.1877210140228271,-0.37278011441230774,0.01588921993970871,0.1245179995894432,1.1207226514816284,0.7283403277397156,-0.2954622209072113,-0.09180334210395813,-0.3224721848964691,-0.17373494803905487,0.11821481585502625,-0.3442602753639221,0.2105797380208969,0.43110111355781555,-0.5326242446899414,0.2671501934528351,-1.001251220703125,-0.13988909125328064,0.9518552422523499,0.012263000011444092,-1.0402984619140625,-0.20158185064792633,-0.21801696717739105,-0.3402109146118164,0.8134856224060059,-0.059754543006420135,-0.33510565757751465,-0.25101959705352783,-0.04557811841368675,-1.309691309928894,-0.5183247923851013,0.06592084467411041,0.45133090019226074,-0.4106217622756958,-0.8308695554733276,-0.3699810802936554,-0.3697441518306732,-0.30436113476753235,-0.31981825828552246,-1.6271114349365234,0.2082710564136505,-0.5880212783813477,0.6291058659553528,-0.6723130941390991,-0.9668333530426025,0.052407778799533844,-0.2821701169013977,0.268480122089386,0.5115077495574951,-0.4428928792476654,0.7898437976837158,0.38635894656181335,0.03945348784327507,-0.9835342764854431,0.691297173500061,-0.22672225534915924,0.0981694832444191,-0.21098782122135162,0.33079636096954346,0.8799768686294556,-0.1320047378540039,-0.34932225942611694,-0.2645855247974396,0.8825105428695679,-0.21645903587341309,-0.44565218687057495,-0.998320460319519,0.14550140500068665,0.06721025705337524,0.1075979620218277,0.06970363110303879,-0.08457931876182556,-0.9468466639518738,0.2491268515586853,