{"version":1,"metadata_config":{},"items":[{"id":"c912188e-facc-4a4a-890a-1a99f7a57ac2","metadata":{"hash":7234008115293867,"text":"You're the only male in a household with four females: your stepmother Mio and your stepsisters Yumi, Elise, and Marin. One morning, you find Mio naked in the kitchen, offering to feed you breakfast. Your stepsisters then make various requests:","index":0},"vector":[-0.995411217212677,1.2051010131835938,-0.06186806410551071,0.23180651664733887,0.648503839969635,0.2391941100358963,0.40461480617523193,-0.3116433620452881,-0.44788336753845215,-0.6628345251083374,-0.10284415632486343,0.4758787155151367,0.28716397285461426,0.016149189323186874,-0.7005888819694519,0.3440934717655182,-0.4098518490791321,-0.15047813951969147,-0.20647400617599487,-0.2156347930431366,-0.7693020105361938,0.5220844149589539,-0.1295275241136551,0.31292831897735596,0.024156050756573677,-0.0760360062122345,-0.04300093650817871,0.5315372943878174,-0.5223733186721802,-0.8612120747566223,0.8040182590484619,-0.11896458268165588,-0.2746918201446533,-0.43115055561065674,0.355851411819458,0.774232029914856,-0.5398562550544739,0.05150249972939491,0.28349193930625916,-0.09362730383872986,-0.2576519846916199,-0.8255213499069214,-0.45184236764907837,0.4892757534980774,-0.5048488974571228,-0.00784576591104269,-1.267230749130249,0.7404700517654419,-0.5209314823150635,-0.9222206473350525,0.5079725980758667,1.1860342025756836,0.5663152933120728,-0.39214396476745605,-0.5564392805099487,0.2352057546377182,-0.38080546259880066,0.033044785261154175,0.2953529357910156,-0.19393470883369446,0.49485525488853455,-0.14873279631137848,0.17861075699329376,0.1100996807217598,0.25999075174331665,-0.8438542485237122,0.8042826652526855,-0.3057025671005249,0.4015313684940338,-0.10573409497737885,-0.004862681962549686,-0.4339047372341156,-0.478500634431839,-0.5571792125701904,0.5766717195510864,-0.7146572470664978,0.4090772569179535,0.11460759490728378,-0.09465665370225906,0.4178999066352844,0.0322481133043766,-0.2847401201725006,0.08237773180007935,0.3542564809322357,-0.13147081434726715,-0.29688379168510437,0.6815687417984009,0.9399635195732117,-0.004396082833409309,0.9239645004272461,-0.6378535032272339,-0.444759726524353,0.6735761761665344,1.1041619777679443,-0.18514671921730042,-0.23874104022979736,0.7176169157028198,1.0717687606811523,0.6017308831214905,0.31193411350250244,-1.2210735082626343,-0.28167274594306946,-0.8506314158439636,-0.3942698538303375,-1.2164382934570312,-0.6194619536399841,0.3469412922859192,0.006397348828613758,-0.240506112575531,0.5996103286743164,-0.2579205334186554,0.14055323600769043,-0.9239059090614319,0.4375515580177307,-0.6994521021842957,0.9655706286430359,0.38262540102005005,0.04189330339431763,0.25499776005744934,0.42303720116615295,0.7221873998641968,0.532993733882904,0.48701930046081543,0.8738361597061157,0.033489979803562164,0.43249109387397766,0.8865215182304382,-0.8355640769004822,-0.31652727723121643,-1.4416006803512573,0.0839078277349472,0.5129634737968445,0.5084864497184753,0.7940261960029602,-0.04194166511297226,-0.06455375999212265,0.028307000175118446,0.1866973489522934,0.5130361318588257,0.29584282636642456,-0.6072331070899963,-0.05852121859788895,0.3837733566761017,0.05848359316587448,0.24443170428276062,-0.45810848474502563,0.08810003101825714,0.23935240507125854,-0.1574253886938095,-0.07299294322729111,0.1015009880065918,0.760702908039093,0.3207487165927887,-0.2587656080722809,0.14763325452804565,0.8451002836227417,0.3818637430667877,-0.47575435042381287,-0.1989184319972992,0.08504194021224976,-0.002183492761105299,-0.04902651533484459,-0.6935712099075317,0.5791519284248352,-0.2643178701400757,0.397734671831131,0.6562378406524658,-0.09797060489654541,-0.21697384119033813,0.618627667427063,-0.6274880170822144,-0.4711475074291229,0.09576653689146042,0.03600925952196121,-0.23725378513336182,-0.43487709760665894,0.38967403769493103,0.7118968963623047,-0.44202882051467896,-0.12403105199337006,-2.2437634468078613,0.5925164818763733,0.172605961561203,-0.46295011043548584,-0.08063679933547974,-0.33045637607574463,0.09307774156332016,0.07591575384140015,-0.6254937648773193,-0.20744727551937103,0.5835602879524231,-0.1245623379945755,0.31780269742012024,0.04945690929889679,0.20008929073810577,0.5105410218238831,0.03556516394019127,-0.1766306757926941,-0.4721737802028656,-0.3936058282852173,0.6410593390464783,0.8877555131912231,0.3896728456020355,-0.021464183926582336,-0.5535109639167786,-0.4194601774215698,-0.025946281850337982,-0.494140088558197,0.5153347849845886,-0.22952453792095184,-0.8996431827545166,0.2665320038795471,0.5068079233169556,-0.7848352789878845,0.22324799001216888,0.3453730642795563,0.19576036930084229,-0.7719970941543579,0.1347576081752777,0.2959190011024475,0.6486435532569885,-0.04087324067950249,-0.22862032055854797,-0.0524861142039299,-0.6704148054122925,-0.22160141170024872,2.0136423110961914,0.14771434664726257,0.6184659600257874,-0.014142305590212345,-0.08168445527553558,0.029146408662199974,0.7749083638191223,-0.6875872015953064,-0.4430406391620636,0.3269130289554596,0.3193598985671997,0.40811944007873535,0.5534274578094482,-1.1835154294967651,0.35750681161880493,0.4576300382614136,0.19482658803462982,0.2093508094549179,-0.800217866897583,-0.9255807399749756,1.0054123401641846,-0.0910947322845459,-0.2186332494020462,0.09922020137310028,-0.16250000894069672,-0.6474069952964783,-0.11031835526227951,-0.4306967854499817,0.29850393533706665,-0.5109921097755432,0.47044888138771057,-0.2013687640428543,0.36587652564048767,0.09916961193084717,-0.31381756067276,0.26671102643013,-0.005065518897026777,-1.4236047267913818,-0.9845036268234253,0.18705400824546814,-0.6396468877792358,-0.7677474021911621,1.0346208810806274,-0.657656192779541,0.7945839762687683,0.48761868476867676,-0.8069167733192444,1.0942081212997437,-0.08699678629636765,0.16173817217350006,0.1915188878774643,0.496625691652298,-0.5018616914749146,0.06403544545173645,0.47390422224998474,0.6991777420043945,0.7017313241958618,-0.19945305585861206,1.0668925046920776,0.35933607816696167,0.010108674876391888,-0.47300612926483154,-0.3593086898326874,0.38608041405677795,-0.3339543342590332,0.732123851776123,-0.2733657658100128,0.04409132897853851,-0.03480180725455284,0.26968371868133545,-0.5056230425834656,-0.23145540058612823,0.18689210712909698,0.9345803260803223,0.7824689149856567,-0.08373598009347916,-0.6178641319274902,-0.37403661012649536,-0.4715135991573334,-0.10468900948762894,1.201547384262085,0.02117576263844967,0.31632375717163086,1.0311607122421265,0.45588991045951843,-0.30621862411499023,1.220435619354248,-0.0248597152531147,0.9726536273956299,-0.8463922739028931,-0.5145118832588196,0.6863476037979126,-0.5031540393829346,-0.3111555278301239,0.419551283121109,0.4809998869895935,0.5279249548912048,-0.8110759854316711,-0.09833093732595444,-0.6540619134902954,-0.09052734822034836,0.8959338665008545,-0.1652158796787262,-0.2219228297472,-0.376583069562912,0.30687427520751953,-0.5890790224075317,1.1508870124816895,0.5126731991767883,-0.30528002977371216,-0.5713673233985901,0.1548202931880951,-1.342706561088562,-0.5897654294967651,-0.2377815991640091,0.030280230566859245,0.14422713220119476,-1.1758445501327515,-0.09313872456550598,0.12988953292369843,-0.37391671538352966,1.0427767038345337,-0.5744695067405701,0.11966386437416077,-0.4394005835056305,-0.07304200530052185,0.3309272229671478,-0.46995267271995544,-0.8917338848114014,-0.9116729497909546,0.6391804218292236,0.3967045545578003,-0.2294033169746399,0.7478897571563721,0.6155353784561157,-0.3001289963722229,-0.31669655442237854,0.8924912214279175,-0.46937742829322815,0.284695565700531,0.027013037353754044,0.19756518304347992,0.6415004730224609,-0.44084632396698,0.27675575017929077,-0.45359060168266296,0.4161929488182068,-0.2747895419597626,0.4870298504829407,0.09591611474752426,-0.3780244290828705,0.7826125621795654,-0.4621414840221405,0.05612025409936905,-0.2642521560192108,-0.8223944902420044,-0.2059548795223236,