{"version":1,"metadata_config":{},"items":[{"id":"5476a672-edc7-4122-bcae-36ce12f31913","metadata":{"hash":8724618909765559,"text":"On the island of Krakoa, Rob begins their day with a workout. At the beach, Squirrel Girl relaxes and enjoys the sun. In the gardens, Luna Snow comforts Tandy, who is heartbroken over her ex's departure. Luna reassures Tandy of her worth and promises to be there for her.","index":0},"vector":[-0.41946926712989807,0.014940204098820686,-0.14258956909179688,0.544699490070343,0.5120547413825989,0.3113686442375183,0.0787063017487526,0.025197044014930725,-0.5365703701972961,0.013447684235870838,0.31304851174354553,0.07587037980556488,-0.0450257807970047,0.3631681203842163,0.005348566919565201,0.2323082834482193,-0.5374553203582764,0.19933119416236877,-0.0344974622130394,-0.5722438097000122,-0.2414504885673523,-0.223140150308609,0.5438620448112488,-0.15475167334079742,-0.06978005915880203,0.5980595946311951,-0.23435960710048676,0.253743976354599,-0.5227570533752441,-0.5879502892494202,-0.25535058975219727,0.00918995775282383,0.18142908811569214,-0.5340410470962524,-0.2415972501039505,-0.1255989372730255,0.4944576025009155,-0.41039231419563293,0.12753935158252716,0.03141709789633751,-0.05355694890022278,0.10630378127098083,-0.023555003106594086,0.1383589655160904,-0.19463714957237244,0.11786580830812454,-0.4234631061553955,-0.11226173490285873,-0.0374394990503788,-0.08180006593465805,0.37680962681770325,0.4764920175075531,0.2600131034851074,0.045817747712135315,-0.43846696615219116,0.4089258015155792,0.1593637764453888,-0.6805726885795593,-0.4137971103191376,-1.026154637336731,0.44583600759506226,-0.12627284228801727,0.13440680503845215,0.5979371666908264,0.2871807813644409,-0.43907493352890015,0.27610528469085693,-0.24251647293567657,0.28804609179496765,-0.00834505632519722,-0.524302065372467,0.1585865318775177,-0.1393200010061264,-0.6134734749794006,0.44057971239089966,0.010795447044074535,0.3030884861946106,-0.32782191038131714,-0.09753871709108353,0.41693320870399475,0.003006706712767482,0.16312989592552185,0.5211265087127686,0.3513752520084381,0.11747851967811584,-0.6220340132713318,0.3679122030735016,0.08355861902236938,-0.2512775659561157,0.3972661793231964,-0.7434194087982178,-0.42852821946144104,0.46731144189834595,0.9133499264717102,-0.18434391915798187,-0.12023080885410309,0.23365241289138794,-0.350385457277298,0.8086133003234863,-0.589134156703949,-0.08739381283521652,-0.34178420901298523,-1.2853977680206299,-0.37824907898902893,-0.833696186542511,-0.5275534987449646,0.729049801826477,-0.60463547706604,-0.05127383768558502,0.5540931820869446,-0.12888306379318237,0.3115067780017853,-0.06325846910476685,-0.5248420834541321,0.1567108929157257,1.2201440334320068,0.4821857511997223,0.16594713926315308,-0.41475826501846313,-0.1501901000738144,-0.026764897629618645,0.8368051648139954,0.4258783757686615,0.5740447640419006,-0.2535044848918915,0.8332940936088562,0.2586858570575714,0.2773381471633911,-0.43041354417800903,-0.6568952202796936,-0.08944594115018845,0.5884604454040527,0.38885408639907837,0.013837802223861217,0.0088956318795681,-0.282457172870636,-0.182793989777565,0.1598166674375534,-0.03449438512325287,-0.101319819688797,0.36498233675956726,0.23584818840026855,-0.06473110616207123,-0.29162877798080444,0.28386881947517395,-0.18068011105060577,0.5216484069824219,-0.5618599057197571,0.33702602982521057,-0.4707307815551758,0.24161848425865173,0.0986643061041832,-0.09242163598537445,-0.10542681068181992,-0.3262562155723572,0.2432965487241745,0.34878334403038025,-0.20628105103969574,-0.630727231502533,0.18089592456817627,0.5981876850128174,-0.6129066944122314,0.25978294014930725,0.5063391327857971,0.1272369921207428,0.30310213565826416,-0.14492137730121613,-0.2510729730129242,-0.04864656180143356,0.05165812745690346,-0.7112777233123779,-0.35707512497901917,0.16985218226909637,0.12708260118961334,0.21888120472431183,0.2718089818954468,0.07402580231428146,-0.3293617367744446,0.12298347800970078,0.10180940479040146,-0.13201837241649628,-0.012866482138633728,-0.17439033091068268,0.2124910205602646,0.08905696868896484,-0.35329151153564453,0.3180844485759735,-0.4502958059310913,-0.4068072736263275,-0.11281769722700119,-0.33438771963119507,0.30812835693359375,0.1053113266825676,0.9189321398735046,0.20139694213867188,0.18798261880874634,-0.21017172932624817,-0.40333443880081177,-0.3237241208553314,0.4448325037956238,0.7628486156463623,-0.07228030264377594,-0.004361938219517469,-0.44030916690826416,-0.3746910095214844,0.09581132233142853,0.07681868970394135,-0.44412118196487427,0.6045652627944946,0.7950791120529175,-0.3596888780593872,-0.14455696940422058,0.37399858236312866,-0.10745558142662048,-0.04954081028699875,-0.5132540464401245,-0.2219095677137375,-0.7363427877426147,-0.0647214874625206,-0.5413674712181091,-0.38319671154022217,-0.5349453687667847,0.39964187145233154,0.04739078879356384,-0.09772424399852753,0.10859782993793488,0.648177444934845,0.2065849006175995,0.6854753494262695,0.8543407320976257,0.18900953233242035,-0.01509625930339098,0.2749157249927521,-0.41157934069633484,-0.19599564373493195,0.1816369891166687,0.3233075439929962,-0.4634971022605896,0.19636285305023193,-1.091328501701355,-0.1233709380030632,0.7549586892127991,-0.19903713464736938,0.437784343957901,-0.792037308216095,0.1498807966709137,0.4685991406440735,-0.8467636108398438,0.05747343972325325,0.22886981070041656,0.16359730064868927,-0.4386865794658661,0.07633288949728012,-0.2989807724952698,0.02295711264014244,0.3670586347579956,0.3172729015350342,0.3182432949542999,0.3457605838775635,-0.12508487701416016,-0.48617324233055115,0.20831628143787384,0.1090521588921547,-0.08844723552465439,-0.925205409526825,-0.6353989839553833,-0.4563961923122406,-0.660670280456543,0.4360290765762329,0.09945749491453171,0.9112182855606079,-0.3366711139678955,-0.21198636293411255,0.1702016294002533,0.5391265153884888,-0.0986422672867775,0.06187448650598526,0.6564822196960449,-0.523350715637207,0.1124502494931221,0.3610718846321106,-0.2238604724407196,0.2426295429468155,-0.47445616126060486,0.7328716516494751,-0.2511160373687744,-0.15156668424606323,-0.44498440623283386,-0.4061446785926819,0.04667050763964653,-0.37096109986305237,0.3716083765029907,-0.5439964532852173,0.06834621727466583,-0.22465375065803528,0.3992525041103363,0.46212002635002136,0.5844206213951111,-0.11742958426475525,0.09705965965986252,0.2709697186946869,0.028295300900936127,-0.4170128107070923,-0.5445330739021301,-0.2747921347618103,0.191011443734169,0.09906032681465149,-0.5791805386543274,0.10608522593975067,1.1989606618881226,0.12334294617176056,0.22096240520477295,0.06861177831888199,0.880804717540741,0.10089502483606339,-0.5435343980789185,-0.7066817879676819,0.18243500590324402,0.26455432176589966,-0.06650854647159576,0.21233493089675903,0.934876024723053,0.37225472927093506,-0.5229107141494751,0.33540230989456177,-0.4079148471355438,-0.39338967204093933,0.5771077871322632,0.010313224047422409,-0.2895355224609375,-0.3374381959438324,-0.4561537802219391,-0.11469964683055878,1.0081050395965576,0.09908678382635117,-0.034103862941265106,-0.4422864317893982,0.07096585631370544,-0.716264545917511,-0.07335670292377472,-0.1579383909702301,0.13081727921962738,0.08692216873168945,-0.08562640845775604,-0.21014447510242462,-0.5796732306480408,-0.5581673979759216,0.48324528336524963,-0.5166454911231995,0.5259090065956116,-0.1523628681898117,0.32869431376457214,0.08288677036762238,-0.2504676282405853,-0.08569630235433578,-0.3991128206253052,0.0418025404214859,0.8885970711708069,0.26672011613845825,0.89398592710495,-0.0023165266029536724,0.3646830916404724,-0.13902266323566437,0.612407386302948,0.41168612241744995,0.2619185149669647,-0.38226911425590515,-0.24479147791862488,0.3802882134914398,-0.4014238119125366,0.28899723291397095,-0.3830606937408447,0.08537966758012772,-0.6757919192314148,0.08263224363327026,-0.0052627683617174625,0.1990043669939041,0.14011253416538239,-0.5320879817008972,