{"version":1,"metadata_config":{},"items":[{"id":"94be876f-52ed-4acc-bcee-ee9a9fde188d","metadata":{"hash":6720474872796421,"text":"A description sets an intimate scene within St Mary's Chapel where preparations are underway before what appears be wedding ceremony between two people: Floristry work continues while music plays quietly; guests mingle outside this serene space filled warmth radiating through windows casting colors upon wooden surfaces.","index":0},"vector":[-1.0374330282211304,0.6843888163566589,0.12031453102827072,0.10175009816884995,0.6958327293395996,0.5498983860015869,0.43478935956954956,0.17525988817214966,-0.910830020904541,-0.3663734197616577,-0.081047423183918,0.2641183137893677,0.08771025389432907,0.4560859799385071,-0.45245376229286194,0.2937399446964264,-0.1620822548866272,0.20944631099700928,0.20713388919830322,-0.7280565500259399,-0.4432257413864136,-0.4181577265262604,0.14149245619773865,0.3819679915904999,-0.45688849687576294,0.19553673267364502,0.0012110993266105652,-0.10160437226295471,-0.8320948481559753,-0.3699570596218109,0.10613813996315002,0.6547898650169373,-0.0031974585726857185,-1.2484157085418701,-0.09512459486722946,-0.16036255657672882,0.578435480594635,-0.3062739372253418,-0.40708234906196594,0.37718021869659424,-0.10042477399110794,-0.3088260889053345,0.31938913464546204,-0.15412451326847076,-0.5482366681098938,-0.11350490897893906,-1.4080575704574585,0.06619441509246826,-1.0850647687911987,-0.0155339315533638,0.09795740246772766,0.5441280603408813,0.49515581130981445,0.5540367364883423,-0.06140875071287155,-0.07858864217996597,-0.08460713177919388,-0.1651669442653656,-0.036196477711200714,-0.7993363738059998,0.5949594974517822,0.10269983857870102,0.20634961128234863,0.2493288666009903,0.11217811703681946,-0.3960619568824768,0.5475106835365295,-0.5335093140602112,0.026494352146983147,0.008285381831228733,-0.1626254767179489,0.3438556492328644,-0.10987977683544159,-0.14649401605129242,-0.010874496772885323,-0.36877402663230896,0.6568741798400879,-0.33429592847824097,0.0540478341281414,-0.21745528280735016,-0.12492060661315918,-0.10488096624612808,0.6800862550735474,0.39564409852027893,-0.2637360394001007,-0.38675200939178467,0.34157782793045044,0.4290618598461151,-0.034619394689798355,0.5772231221199036,-0.5638805627822876,-0.22148633003234863,0.6008219122886658,0.997026264667511,-0.09038737416267395,-0.09966292977333069,0.6096846461296082,0.6588479280471802,0.27038851380348206,-0.09650658816099167,-0.39299362897872925,0.262986421585083,-0.03703694045543671,-0.22803789377212524,-1.329064130783081,-0.7461256980895996,0.6823355555534363,-0.07874078303575516,-0.07431866973638535,0.2676549255847931,-0.2534239888191223,0.028957925736904144,-0.01532722357660532,-0.42954638600349426,-0.35619306564331055,0.7668679356575012,0.45607972145080566,0.8173819184303284,0.33095282316207886,-0.46698126196861267,0.8728569149971008,0.6817557215690613,-0.027326570823788643,0.7488909959793091,-0.03700994700193405,0.33860883116722107,0.7848924994468689,0.5183136463165283,-0.7680819630622864,-1.2010085582733154,0.31441083550453186,1.3154217004776,0.411904513835907,-0.3241032660007477,0.9885498285293579,0.32547178864479065,-0.37444376945495605,-0.17129455506801605,-0.0757594183087349,0.0002111494541168213,0.02277405560016632,0.6523877382278442,0.08073507994413376,-0.49271053075790405,0.5989151000976562,-0.3783045709133148,-0.1201406791806221,0.22068965435028076,0.1088852733373642,0.2174193263053894,0.690822184085846,0.6748192310333252,0.05145004764199257,-0.44475457072257996,0.09330113977193832,0.5680995583534241,0.34433460235595703,-0.16970336437225342,-0.6803480982780457,0.0016034463187679648,0.20752020180225372,0.06970659643411636,0.1905806064605713,0.4828275144100189,-0.7292462587356567,0.3518330156803131,-0.34641221165657043,0.12595754861831665,-0.34704846143722534,0.3734299838542938,-0.7976315021514893,-0.29093366861343384,-0.11190483719110489,-0.43007969856262207,0.13676470518112183,0.15790504217147827,0.7077614068984985,0.19767478108406067,0.6996130347251892,-0.08132088929414749,-0.2159997522830963,0.21073435246944427,0.0022027359809726477,0.19225125014781952,0.0840793177485466,-0.22139330208301544,0.1675741821527481,0.08724083006381989,-0.6181359887123108,-0.1460852324962616,-0.5224028825759888,-0.6687131524085999,-0.6752864718437195,0.3489316403865814,0.3009529709815979,0.6923277974128723,-0.14653556048870087,-0.12299653887748718,-0.22729253768920898,1.1583760976791382,0.7551974654197693,0.05691930279135704,-0.00919598899781704,-0.5880897641181946,-0.06301722675561905,-0.15337662398815155,0.21906425058841705,-0.32135677337646484,0.27579113841056824,0.7021085023880005,-0.22541798651218414,-0.06777766346931458,-0.022634776309132576,0.5029479265213013,0.10231827199459076,-0.48310643434524536,-0.11650209128856659,-0.5975990891456604,-0.21781572699546814,-0.3704797029495239,0.11148535460233688,-0.4446062445640564,0.41232436895370483,0.026313532143831253,-0.1869601160287857,-0.10458740592002869,0.23284369707107544,-0.2874488830566406,0.3353385627269745,0.19648101925849915,0.1014387309551239,0.3461403548717499,0.3301762044429779,-0.5460811257362366,-0.2670218050479889,0.07067149877548218,0.5397459268569946,0.6425197720527649,0.5573634505271912,-1.0342061519622803,-0.14509712159633636,0.4543670415878296,-0.33920761942863464,0.1980525702238083,-1.2090973854064941,0.3194672465324402,0.7225134968757629,-0.6531710028648376,0.25938892364501953,0.0018639089539647102,-0.2582172453403473,-0.44987550377845764,-0.8835087418556213,-0.383226215839386,0.9889643788337708,0.29678764939308167,0.3778556287288666,0.7413530349731445,0.4209901690483093,-0.4828556478023529,-0.7460212111473083,0.5031976699829102,0.15139806270599365,-0.3791230320930481,-1.1721285581588745,-0.47238969802856445,-0.14647279679775238,-0.5975483655929565,0.40392857789993286,0.17694038152694702,0.26997146010398865,-0.30733129382133484,0.5252146124839783,0.39900100231170654,0.3378429710865021,-0.6104757785797119,0.3897201120853424,0.23101815581321716,-0.6911565065383911,-0.03725769370794296,0.5642197132110596,-0.2352418601512909,0.1480618566274643,-0.22692538797855377,0.4131734073162079,-0.17444585263729095,-0.06708747893571854,-0.04558679834008217,-0.1831466108560562,-0.46408334374427795,-0.6426752805709839,1.2439125776290894,0.021041588857769966,0.0623478889465332,-0.3452923595905304,0.5815261602401733,0.028768343850970268,-0.06924813985824585,-0.935188889503479,0.22815293073654175,0.20424698293209076,0.8885214924812317,-0.13238823413848877,-0.5918596982955933,-0.2832848131656647,0.14504195749759674,-0.29771703481674194,-0.3499082028865814,0.14977936446666718,1.2455419301986694,0.23619429767131805,0.24435816705226898,-0.24066512286663055,0.32658708095550537,0.4520673155784607,-0.4877470135688782,-0.6862096190452576,-0.17741136252880096,0.31080082058906555,0.12442304939031601,-0.35623836517333984,0.9062838554382324,0.8624235391616821,-0.2695941925048828,0.07375490665435791,-0.9243846535682678,0.37116044759750366,0.7022712230682373,-0.5410493016242981,-0.3607526421546936,-0.5218819379806519,-0.45952683687210083,-0.2868253290653229,0.24493302404880524,-0.10547834634780884,-0.3948431611061096,0.18109118938446045,-0.2791394293308258,-0.4540819823741913,0.38727888464927673,-0.12955190241336823,0.4463583528995514,-0.5635014176368713,0.15387926995754242,0.03868724778294563,-0.3102673590183258,0.1069323867559433,0.15582750737667084,-0.4877305328845978,0.5642408132553101,-0.05894945561885834,0.3920978605747223,-0.36197128891944885,-0.4574263095855713,-0.24309661984443665,-0.21619585156440735,-0.014363604597747326,0.4484213888645172,0.36908552050590515,0.7365771532058716,0.44808119535446167,0.141503244638443,-0.5499033331871033,0.3633027672767639,-0.11983593553304672,0.4028979241847992,-0.4076084494590759,-0.5277242064476013,0.2382301688194275,-0.6172866821289062,-0.25710031390190125,-0.016147710382938385,0.8646504878997803,-0.4811023473739624,-0.2276519238948822,