{"version":1,"metadata_config":{},"items":[{"id":"3127c6fc-0e3d-4f63-a27d-061d4b5df3da","metadata":{"hash":3069325742879624,"text":"I'm ready when you are.","index":0},"vector":[-0.4005051553249359,0.47397753596305847,-0.3056719899177551,0.8411930799484253,0.30113035440444946,0.2812711298465729,0.2541707456111908,-0.18620337545871735,-0.37083011865615845,0.2785729765892029,-0.1928364634513855,-0.10627547651529312,-0.25971361994743347,-0.02856411226093769,0.1282852292060852,-0.04733898490667343,-0.35117191076278687,-0.4451940059661865,-0.20422840118408203,-1.0589557886123657,-0.6913074851036072,0.0018533626571297646,0.14664597809314728,0.2911410629749298,-0.4510152041912079,0.34947457909584045,0.3243139684200287,-0.05090587958693504,-1.4332530498504639,-1.3971682786941528,-0.038062453269958496,0.2983114421367645,-0.009936949238181114,-0.47207874059677124,-0.21093951165676117,-0.28069591522216797,0.1742352992296219,0.10901730507612228,-0.5143475532531738,-0.08832041174173355,-0.24615538120269775,-0.38259759545326233,-0.2661532461643219,-0.45119407773017883,-0.7219772338867188,-0.1316959410905838,-0.8223007917404175,-0.15133757889270782,-0.3281635344028473,-0.13343648612499237,0.9951576590538025,1.3551872968673706,0.2794901430606842,-0.022435195744037628,0.1704445779323578,0.2159421443939209,0.42976459860801697,-1.0162584781646729,-0.5038312673568726,-1.432734727859497,1.4916146993637085,0.5878259539604187,0.6389572024345398,0.27547991275787354,-0.1028568223118782,-0.6360535621643066,-0.4468476474285126,-0.741753101348877,0.008605289272964,-0.02308093011379242,-0.7734697461128235,0.10072784125804901,-0.5989227890968323,-0.37221843004226685,0.6374487280845642,-0.34194570779800415,0.5050144791603088,-0.19167807698249817,-0.05376608297228813,0.6525781750679016,-0.6594994068145752,-0.4414612054824829,0.9046475887298584,0.21441446244716644,-0.29702308773994446,-0.655394434928894,0.1669742912054062,0.21851889789104462,0.1513075977563858,0.3278845250606537,0.25094419717788696,0.10731985419988632,0.9504207968711853,0.5227946043014526,0.1365896463394165,0.05556461215019226,0.6741164326667786,0.7685183882713318,-0.1578640341758728,-0.07541893422603607,-0.6087357401847839,-0.2694495618343353,-0.4927251935005188,-0.507346510887146,-1.5069888830184937,-0.7623729705810547,0.706563413143158,-0.27541473507881165,-0.41712602972984314,0.7718920707702637,-0.29802557826042175,-0.036965277045965195,0.12225648015737534,-0.37204137444496155,-0.025406016036868095,0.8015709519386292,0.06039765477180481,0.5905345678329468,0.37037160992622375,0.33925145864486694,0.38835608959198,0.6836748123168945,0.48997852206230164,1.1452019214630127,-0.00721131544560194,0.7199473977088928,0.13153593242168427,0.040986642241477966,-0.41533055901527405,-0.8674707412719727,0.025249576196074486,1.3660105466842651,0.12286355346441269,-0.5353156328201294,0.5905746817588806,-0.31129491329193115,-0.5134215354919434,-0.1661813110113144,0.03864074870944023,-0.3349616825580597,-0.006697161588817835,0.44597652554512024,0.35181984305381775,-1.14060378074646,0.3740643560886383,-0.16396258771419525,-0.07109828293323517,0.6021873354911804,0.25950294733047485,0.39383137226104736,0.6308466792106628,0.6700049638748169,-0.5299444794654846,-0.586544394493103,-0.1091313362121582,0.7437418103218079,-0.01451061200350523,-0.29039233922958374,-0.5787639617919922,-0.08094960451126099,0.041200462728738785,-0.9299716353416443,0.16170603036880493,0.3578087091445923,-0.4545946717262268,-0.38187727332115173,0.03742866963148117,0.18953774869441986,-0.4172217547893524,-0.015739934518933296,-0.29768604040145874,-0.6536834836006165,0.31262674927711487,-0.10905272513628006,0.1633259654045105,0.04647388681769371,-0.00607671495527029,-0.20852619409561157,0.1894194483757019,-0.4732394218444824,-1.0880978107452393,0.5261277556419373,-0.6389083862304688,-0.05502508580684662,-0.7916324734687805,-0.04785690829157829,0.4653755724430084,-0.41309961676597595,-0.624315619468689,0.37121087312698364,-0.2838706970214844,-0.2660723626613617,-0.18097320199012756,0.3137194812297821,0.1431230753660202,0.29571533203125,-0.37714189291000366,-0.23631326854228973,-0.8220294713973999,0.7540479898452759,0.9930118322372437,0.37793129682540894,0.5631199479103088,-0.7527340650558472,-0.2930784821510315,0.07740790396928787,-0.33514925837516785,-0.21588176488876343,0.11429273337125778,1.435316801071167,0.07227333635091782,0.23082223534584045,0.5541267991065979,0.28683212399482727,-0.46641379594802856,0.3286781311035156,0.03673865273594856,-0.3657956123352051,0.044789448380470276,-0.3898449242115021,0.6863385438919067,-0.8217882513999939,0.10819240659475327,0.6457324028015137,0.13907583057880402,-0.11094507575035095,0.17256934940814972,-0.3608577847480774,0.3899114429950714,0.531199038028717,0.6458289623260498,-0.0028808158822357655,0.2502940893173218,-0.856753408908844,-0.10417892783880234,0.4825230538845062,0.17600588500499725,0.3742286264896393,0.649309515953064,-0.5037552714347839,0.3121873438358307,1.0280550718307495,-0.05238817632198334,-0.06165143847465515,-1.1223775148391724,0.03383020684123039,0.9644960165023804,-0.7570116519927979,0.06364677846431732,-0.022034674882888794,-0.8298537731170654,-1.2342582941055298,-0.5786263942718506,-0.2564406394958496,1.4459842443466187,0.36312511563301086,0.33097490668296814,0.6307492852210999,0.8097914457321167,-0.024494288489222527,-0.8121824860572815,0.8715011477470398,-0.2201595902442932,-0.69615238904953,-1.6773326396942139,-0.3650251030921936,-0.2914300560951233,-0.8959230184555054,0.6140204668045044,0.4493215084075928,0.1515694260597229,-0.09956197440624237,0.10748519748449326,0.2725157141685486,0.02253537066280842,-0.511080265045166,0.5454760193824768,1.0433268547058105,-0.7730706930160522,0.0009541010367684066,-0.3532884418964386,0.535886287689209,0.1252724677324295,-0.06614047288894653,0.04524492099881172,-0.48956841230392456,-0.22793549299240112,-0.5964212417602539,0.20916308462619781,-0.5337440967559814,-0.2246800810098648,1.2237564325332642,-0.8205048441886902,-0.5335250496864319,0.11226404458284378,0.10140857845544815,0.3634830117225647,-0.15648077428340912,-0.06240476667881012,0.007174302823841572,0.42666974663734436,0.2518608868122101,0.009037884883582592,-0.558217465877533,-0.10710134357213974,0.0028363396413624287,0.1986594796180725,-0.6155053973197937,0.23804527521133423,1.5049195289611816,0.2638791799545288,-0.03707902133464813,-0.06558673083782196,0.7705395817756653,0.9389225244522095,-0.4140138626098633,-0.4120996594429016,0.010562323965132236,-0.11408437788486481,0.18953850865364075,0.04296201840043068,0.9001079797744751,0.8782798051834106,-0.32007062435150146,-0.06144511327147484,-0.8868617415428162,-0.5225057601928711,0.41711726784706116,0.3495001196861267,-0.14520297944545746,-0.5034810304641724,-0.24657754600048065,-0.37993669509887695,0.925395667552948,0.029151957482099533,-0.048281650990247726,-0.09355540573596954,-0.4966401159763336,-0.9704486727714539,0.1585797816514969,-0.41511934995651245,0.1736164093017578,-0.8223749399185181,-0.6651781797409058,-0.1982327103614807,-0.41562095284461975,-0.6531288027763367,0.4001288414001465,-0.6598770618438721,0.4779829680919647,0.012843051925301552,0.18723443150520325,-0.7448155283927917,-0.24812199175357819,-0.11020877957344055,-0.4338662922382355,1.0244840383529663,1.1759480237960815,-0.27918317914009094,0.8349096179008484,0.25402238965034485,0.05760006606578827,-0.2893366813659668,0.4232567846775055,-0.0975758507847786,0.1936303973197937,-0.34010592103004456,0.1119542345404625,0.6296592354774475,0.006004118360579014,-0.12074995785951614,-0.9815505146980286,0.6396111845970154,-0.34533295035362244,-0.08184703439474106,0.21695034205913544,0.2774101197719574,0.1786935180425644,0.05344211310148239,0.6065002083778381,-0.19255919754505157,-1.2098308801651,-0.26569023728370667,0.4049803614616394,-0.070736363530159,-0.7825593948364258,0.3314466178417206,0.6871111392974854,-1.0454330444335938,0.3736759424209595,0.20829884707927704,1.0360667705535889,